year,agency_key,agency_type,cesa,county,conferencekey,district_number,school_number,school_type,charter,district_name,school_name,total_enrollment_prek-12,econ_disadv_count,econ_disadv_percent,not_econd_disadv_count,not_econ_disadv_percent
2006,12401,3,9,34,124,140,,Summary,N,Antigo Unified,,2703,1185,43.84017758,1518,56.15982241
2006,12337,3,10,10,125,7,,Summary,N,Abbotsford,,666,311,46.69669669,355,53.3033033
2006,9302,3,5,1,39,14,,Summary,N,Adams-Friendship Area,,1971,1133,57.4835109,838,42.51648909
2006,5927,3,2,23,38,63,,Summary,N,Albany,,433,63,14.54965357,370,85.45034642
2006,11290,3,7,31,33,70,,Summary,N,Algoma,,616,155,25.16233766,461,74.83766233
2006,14408,3,4,6,11,84,,Summary,N,Alma,,325,66,20.3076923,259,79.69230769
2006,14429,3,4,27,11,91,,Summary,N,Alma Center,,620,269,43.38709677,351,56.61290322
2006,17317,3,5,49,155,105,,Summary,N,Almond-Bancroft,,491,194,39.51120162,297,60.48879837
2006,15361,3,10,18,121,112,,Summary,N,Altoona,,1450,500,34.48275862,950,65.51724137
2006,9984,3,11,48,26,119,,Summary,N,Amery,,1788,500,27.96420581,1288,72.03579418
2006,17423,3,6,44,16,147,,Summary,N,Appleton Area,,15212,3812,25.05916381,11400,74.94083618
2006,14435,3,4,61,10,154,,Summary,N,Arcadia,,995,334,33.56783919,661,66.4321608
2006,5957,3,3,33,38,161,,Summary,N,Argyle,,357,93,26.05042016,264,73.94957983
2006,1323,3,1,67,8,2450,,Summary,N,Arrowhead UHS,,2382,16,0.67170445,2366,99.32829554
2006,16217,3,12,2,29,170,,Summary,N,Ashland,,2218,1124,50.67628494,1094,49.32371505
2006,12000,3,7,5,54,182,,Summary,N,Ashwaubenon,,3119,504,16.15902532,2615,83.84097467
2006,12450,3,9,37,125,196,,Summary,N,Athens,,549,138,25.13661202,411,74.86338797
2006,12472,3,5,71,126,203,,Summary,N,Auburndale,,863,239,27.69409038,624,72.30590961
2006,15393,3,10,18,120,217,,Summary,N,Augusta,,597,276,46.23115577,321,53.76884422
2006,10012,3,11,55,26,231,,Summary,N,Baldwin-Woodville Area,,1473,326,22.131704,1147,77.86829599
2006,14462,3,4,32,37,245,,Summary,N,Bangor,,640,145,22.65625,495,77.34375
2006,9326,3,5,56,114,280,,Summary,N,Baraboo,,2971,541,18.20935711,2430,81.79064288
2006,5979,3,3,25,38,287,,Summary,N,Barneveld,,438,53,12.10045662,385,87.89954337
2006,16384,3,11,3,18,308,,Summary,N,Barron Area,,1323,522,39.45578231,801,60.54421768
2006,16453,3,12,4,20,315,,Summary,N,Bayfield,,456,289,63.37719298,167,36.62280701
2006,9391,3,6,14,45,336,,Summary,N,Beaver Dam Unified,,3393,1055,31.09342764,2338,68.90657235
2006,11045,3,8,38,31,4263,,Summary,N,Beecher-Dunbar-Pembine,,257,143,55.64202334,114,44.35797665
2006,6000,3,2,13,117,350,,Summary,N,Belleville,,933,106,11.36120042,827,88.63879957
2006,6019,3,3,33,38,364,,Summary,N,Belmont Community,,329,46,13.98176291,283,86.01823708
2006,6066,3,2,53,3,413,,Summary,N,Beloit,,7169,4265,59.49225833,2904,40.50774166
2006,6067,3,2,53,159,422,,Summary,N,Beloit Turner,,1251,188,15.02797761,1063,84.97202238
2006,8734,3,3,33,38,427,,Summary,N,Benton,,276,87,31.52173913,189,68.47826086
2006,17531,3,6,24,53,434,,Summary,N,Berlin Area,,1674,489,29.21146953,1185,70.78853046
2006,3826,3,2,64,159,6013,,Summary,N,Big Foot UHS,,589,96,16.29881154,493,83.70118845
2006,16473,3,11,65,21,441,,Summary,N,Birchwood,,299,139,46.48829431,160,53.51170568
2006,7436,3,3,33,38,2240,,Summary,N,Black Hawk,,503,156,31.0139165,347,68.98608349
2006,14480,3,4,27,10,476,,Summary,N,Black River Falls,,1882,733,38.94792773,1149,61.05207226
2006,14509,3,4,61,11,485,,Summary,N,Blair-Taylor,,692,231,33.38150289,461,66.6184971
2006,15412,3,10,9,18,497,,Summary,N,Bloomer,,1147,296,25.80645161,851,74.19354838
2006,10429,3,8,58,156,602,,Summary,N,Bonduel,,897,235,26.19843924,662,73.80156075
2006,8772,3,3,22,131,609,,Summary,N,Boscobel Area,,928,388,41.81034482,540,58.18965517
2006,12495,3,8,58,155,623,,Summary,N,Bowler,,455,237,52.08791208,218,47.91208791
2006,15436,3,11,17,122,637,,Summary,N,Boyceville Community,,868,278,32.02764976,590,67.97235023
2006,3057,3,2,30,41,657,,Summary,N,Brighton #1,,205,20,9.75609756,185,90.24390243
2006,10445,3,7,8,32,658,,Summary,N,Brillion,,870,101,11.6091954,769,88.39080459
2006,2572,3,2,30,41,665,,Summary,N,Bristol #1,,576,52,9.02777777,524,90.97222222
2006,6201,3,2,23,159,700,,Summary,N,Brodhead,,1208,243,20.11589403,965,79.88410596
2006,5422,3,1,40,47,721,,Summary,N,Brown Deer,,1817,375,20.63841496,1442,79.36158503
2006,16484,3,10,54,21,735,,Summary,N,Bruce,,603,345,57.21393034,258,42.78606965
2006,2602,3,2,51,41,777,,Summary,N,Burlington Area,,3659,671,18.3383438,2988,81.66165619
2006,13669,3,12,2,20,840,,Summary,N,Butternut,,186,84,45.16129032,102,54.83870967
2006,15462,3,10,9,121,870,,Summary,N,Cadott Community,,859,266,30.96623981,593,69.03376018
2006,9458,3,5,11,43,882,,Summary,N,Cambria-Friesland,,470,105,22.34042553,365,77.65957446
2006,6236,3,2,13,117,896,,Summary,N,Cambridge,,950,74,7.78947368,876,92.21052631
2006,16508,3,11,3,21,903,,Summary,N,Cameron,,847,289,34.12042502,558,65.87957497
2006,907,3,6,20,14,910,,Summary,N,Campbellsport,,1467,215,14.65576005,1252,85.34423994
2006,14532,3,4,41,37,980,,Summary,N,Cashton,,525,217,41.33333333,308,58.66666666
2006,8801,3,3,22,38,994,,Summary,N,Cassville,,290,82,28.27586206,208,71.72413793
2006,985,3,7,59,6,1029,,Summary,N,Cedar Grove-Belgium Area,,1053,88,8.35707502,965,91.64292497
2006,937,3,1,45,30,1015,,Summary,N,Cedarburg,,3125,103,3.296,3022,96.704
2006,3618,3,2,30,41,5054,,Summary,N,Central/Westosha UHS,,1243,124,9.97586484,1119,90.02413515
2006,15486,3,11,3,18,1078,,Summary,N,Chetek,,1009,410,40.63429137,599,59.36570862
2006,1008,3,7,8,32,1085,,Summary,N,Chilton,,1237,233,18.83589329,1004,81.1641067
2006,15526,3,10,9,4,1092,,Summary,N,Chippewa Falls Area Unified,,4665,1099,23.55841371,3566,76.44158628
2006,10047,3,11,48,21,1120,,Summary,N,Clayton,,440,182,41.36363636,258,58.63636363
2006,10058,3,11,48,21,1127,,Summary,N,Clear Lake,,652,160,24.5398773,492,75.46012269
2006,6261,3,2,53,159,1134,,Summary,N,Clinton Community,,1227,297,24.20537897,930,75.79462102
2006,17575,3,8,68,53,1141,,Summary,N,Clintonville,,1622,572,35.2651048,1050,64.73489519
2006,14599,3,4,6,11,1155,,Summary,N,Cochrane-Fountain City,,710,125,17.6056338,585,82.39436619
2006,12518,3,10,10,120,1162,,Summary,N,Colby,,1064,253,23.77819548,811,76.22180451
2006,10467,3,8,38,25,1169,,Summary,N,Coleman,,737,238,32.29308005,499,67.70691994
2006,15597,3,11,17,122,1176,,Summary,N,Colfax,,832,223,26.80288461,609,73.19711538
2006,9494,3,5,11,116,1183,,Summary,N,Columbus,,1143,252,22.04724409,891,77.9527559
2006,15615,3,10,9,21,1204,,Summary,N,Cornell,,522,254,48.65900383,268,51.34099616
2006,13694,3,8,21,31,1218,,Summary,N,Crandon,,964,71,7.36514522,893,92.63485477
2006,10489,3,8,38,25,1232,,Summary,N,Crivitz,,785,287,36.56050955,498,63.43949044
2006,8813,3,3,22,131,1246,,Summary,N,Cuba City,,671,148,22.05663189,523,77.9433681
2006,2684,3,1,40,47,1253,,Summary,N,Cudahy,,2891,942,32.58388101,1949,67.41611898
2006,16538,3,11,3,18,1260,,Summary,N,Cumberland,,1177,447,37.97790994,730,62.02209005
2006,13131,3,9,37,46,4970,,Summary,N,D C Everest Area,,5388,1209,22.43875278,4179,77.56124721
2006,6318,3,3,33,131,1295,,Summary,N,Darlington Community,,809,146,18.04697156,663,81.95302843
2006,6367,3,2,13,114,1316,,Summary,N,De Forest Area,,3221,448,13.90872399,2773,86.091276
2006,10528,3,7,5,54,1414,,Summary,N,De Pere,,3558,362,10.17425519,3196,89.8257448
2006,14567,3,4,62,35,1421,,Summary,N,De Soto Area,,575,183,31.82608695,392,68.17391304
2006,6344,3,2,13,43,1309,,Summary,N,Deerfield Community,,731,77,10.53351573,654,89.46648426
2006,2730,3,2,64,41,1380,,Summary,N,Delavan-Darien,,2775,1148,41.36936936,1627,58.63063063
2006,11346,3,7,5,2,1407,,Summary,N,Denmark,,1612,165,10.235732,1447,89.76426799
2006,1476,3,6,14,43,2744,,Summary,N,Dodgeland,,786,172,21.88295165,614,78.11704834
2006,6410,3,3,25,42,1428,,Summary,N,Dodgeville,,1318,306,23.21699544,1012,76.78300455
2006,3058,3,2,51,41,1449,,Summary,N,Dover #1,,98,12,12.24489795,86,87.75510204
2006,16571,3,12,4,20,1491,,Summary,N,Drummond Area,,519,219,42.19653179,300,57.8034682
2006,15644,3,11,46,26,1499,,Summary,N,Durand,,1095,312,28.49315068,783,71.50684931
2006,2795,3,2,64,158,1540,,Summary,N,East Troy Community,,1656,704,42.51207729,952,57.4879227
2006,15254,3,10,18,4,1554,,Summary,N,Eau Claire Area,,10809,3053,28.24498103,7756,71.75501896
2006,12558,3,9,37,126,1561,,Summary,N,Edgar,,639,143,22.37871674,496,77.62128325
2006,6443,3,2,53,158,1568,,Summary,N,Edgerton,,1794,277,15.44035674,1517,84.55964325
2006,12582,3,9,34,31,1582,,Summary,N,Elcho,,385,167,43.37662337,218,56.62337662
2006,16099,3,10,61,11,1600,,Summary,N,Eleva-Strum,,628,164,26.11464968,464,73.88535031
2006,15685,3,11,17,122,1645,,Summary,N,Elk Mound Area,,1005,236,23.48258706,769,76.51741293
2006,1087,3,7,59,6,1631,,Summary,N,Elkhart Lake-Glenbeulah,,561,0,0,561,100
2006,2827,3,2,64,41,1638,,Summary,N,Elkhorn Area,,2928,478,16.32513661,2450,83.67486338
2006,10092,3,11,47,26,1659,,Summary,N,Ellsworth Community,,1683,347,20.61794414,1336,79.38205585
2006,838,3,1,67,17,714,,Summary,N,Elmbrook,,7656,508,6.6353187,7148,93.36468129
2006,15698,3,11,47,123,1666,,Summary,N,Elmwood,,373,69,18.49865951,304,81.50134048
2006,1193,3,6,66,45,1687,,Summary,N,Erin,,377,6,1.59151193,371,98.40848806
2006,6478,3,2,53,158,1694,,Summary,N,Evansville Community,,1730,255,14.73988439,1475,85.2601156
2006,15738,3,10,18,121,1729,,Summary,N,Fall Creek,,888,224,25.22522522,664,74.77477477
2006,9553,3,5,11,43,1736,,Summary,N,Fall River,,471,58,12.31422505,413,87.68577494
2006,8872,3,3,22,131,1813,,Summary,N,Fennimore Community,,771,199,25.81063553,572,74.18936446
2006,14066,3,10,54,21,5757,,Summary,N,Flambeau,,653,351,53.75191424,302,46.24808575
2006,10594,3,8,19,31,1855,,Summary,N,Florence County,,593,199,33.55817875,394,66.44182124
2006,17641,3,6,20,16,1862,,Summary,N,Fond du Lac,,7589,2401,31.63789695,5188,68.36210304
2006,2892,3,2,64,159,1870,,Summary,N,Fontana J8,,300,34,11.33333333,266,88.66666666
2006,6510,3,2,28,115,1883,,Summary,N,Fort Atkinson,,2710,579,21.36531365,2131,78.63468634
2006,5147,3,1,40,30,1890,,Summary,N,Fox Point J2,,954,65,6.81341719,889,93.1865828
2006,3024,3,1,40,40,1900,,Summary,N,Franklin Public,,4079,328,8.04118656,3751,91.95881343
2006,16597,3,11,48,21,1939,,Summary,N,Frederic,,539,223,41.3729128,316,58.62708719
2006,10732,3,6,44,53,1953,,Summary,N,Freedom Area,,1584,196,12.37373737,1388,87.62626262
2006,1403,3,6,66,45,4843,,Summary,N,Friess Lake,,323,7,2.16718266,316,97.83281733
2006,14612,3,4,61,10,2009,,Summary,N,Galesville-Ettrick-Trempealeau,,1359,267,19.64679911,1092,80.35320088
2006,3333,3,2,64,41,2044,,Summary,N,Geneva J4,,127,0,0,127,100
2006,2944,3,2,64,41,2051,,Summary,N,Genoa City J2,,646,83,12.84829721,563,87.15170278
2006,1142,3,1,66,30,2058,,Summary,N,Germantown,,3841,306,7.96667534,3535,92.03332465
2006,11355,3,7,15,33,2114,,Summary,N,Gibraltar Area,,621,68,10.95008051,553,89.04991948
2006,10620,3,8,42,25,2128,,Summary,N,Gillett,,762,259,33.98950131,503,66.01049868
2006,12603,3,10,60,121,2135,,Summary,N,Gilman,,496,271,54.63709677,225,45.36290322
2006,15764,3,10,6,11,2142,,Summary,N,Gilmanton,,222,80,36.03603603,142,63.96396396
2006,4733,3,1,40,30,2184,,Summary,N,Glendale-River Hills,,987,201,20.36474164,786,79.63525835
2006,10123,3,11,55,123,2198,,Summary,N,Glenwood City,,796,189,23.74371859,607,76.2562814
2006,13756,3,12,2,,2205,,Summary,N,Glidden,,221,140,63.34841628,81,36.65158371
2006,10641,3,8,38,31,2212,,Summary,N,Goodman-Armstrong Creek,,177,96,54.23728813,81,45.76271186
2006,1156,3,1,45,30,2217,,Summary,N,Grafton,,2046,186,9.09090909,1860,90.9090909
2006,12623,3,10,10,120,2226,,Summary,N,Granton Area,,289,128,44.29065743,161,55.70934256
2006,16626,3,11,7,21,2233,,Summary,N,Grantsburg,,991,333,33.60242179,658,66.3975782
2006,12004,3,7,5,54,2289,,Summary,N,Green Bay Area Public,,20314,9253,45.54986708,11061,54.45013291
2006,17797,3,6,24,43,2310,,Summary,N,Green Lake,,373,67,17.96246648,306,82.03753351
2006,2966,3,1,40,47,2296,,Summary,N,Greendale,,2519,269,10.6788408,2250,89.32115919
2006,5609,3,1,40,47,2303,,Summary,N,Greenfield,,3337,792,23.73389271,2545,76.26610728
2006,12643,3,10,10,120,2394,,Summary,N,Greenwood,,459,170,37.03703703,289,62.96296296
2006,2300,3,1,67,17,2420,,Summary,N,Hamilton,,4265,331,7.76084407,3934,92.23915592
2006,1195,3,6,66,45,2443,,Summary,N,Hartford J1,,1628,399,24.5085995,1229,75.49140049
2006,1194,3,6,66,45,2436,,Summary,N,Hartford UHS,,1714,180,10.50175029,1534,89.4982497
2006,1324,3,1,67,8,2460,,Summary,N,Hartland-Lakeside J3,,1395,112,8.02867383,1283,91.97132616
2006,16663,3,12,57,18,2478,,Summary,N,Hayward Community,,1978,901,45.55106167,1077,54.44893832
2006,1617,3,6,14,45,2523,,Summary,N,Herman #22,,94,16,17.02127659,78,82.9787234
2006,6564,3,3,25,38,2527,,Summary,N,Highland,,300,51,17,249,83
2006,10684,3,7,8,32,2534,,Summary,N,Hilbert,,503,80,15.90457256,423,84.09542743
2006,14661,3,4,62,37,2541,,Summary,N,Hillsboro,,610,234,38.36065573,376,61.63934426
2006,14690,3,4,32,28,2562,,Summary,N,Holmen,,3255,793,24.3625192,2462,75.63748079
2006,1379,3,6,14,51,2576,,Summary,N,Horicon,,934,213,22.80513918,721,77.19486081
2006,17835,3,6,44,2,2583,,Summary,N,Hortonville Area,,3188,330,10.35131744,2858,89.64868255
2006,2193,3,7,59,6,2605,,Summary,N,Howards Grove,,982,57,5.80448065,925,94.19551934
2006,12102,3,7,5,54,2604,,Summary,N,Howard-Suamico,,5041,449,8.9069629,4592,91.09303709
2006,10168,3,11,55,4,2611,,Summary,N,Hudson,,4953,392,7.91439531,4561,92.08560468
2006,13787,3,12,26,20,2618,,Summary,N,Hurley,,681,325,47.72393538,356,52.27606461
2006,1419,3,6,14,43,2625,,Summary,N,Hustisford,,392,69,17.60204081,323,82.39795918
2006,15790,3,4,61,11,2632,,Summary,N,Independence,,340,98,28.82352941,242,71.17647058
2006,17855,3,5,68,156,2639,,Summary,N,Iola-Scandinavia,,813,143,17.58917589,670,82.4108241
2006,6809,3,3,25,131,2646,,Summary,N,Iowa-Grant,,861,192,22.29965156,669,77.70034843
2006,7320,3,3,52,35,2660,,Summary,N,Ithaca,,357,77,21.56862745,280,78.43137254
2006,6597,3,2,53,3,2695,,Summary,N,Janesville,,10589,2686,25.36594579,7903,74.6340542
2006,6733,3,2,28,158,2702,,Summary,N,Jefferson,,1772,469,26.46726862,1303,73.53273137
2006,1457,3,2,28,43,2730,,Summary,N,Johnson Creek,,603,113,18.73963515,490,81.26036484
2006,6768,3,2,23,38,2737,,Summary,N,Juda,,295,50,16.94915254,245,83.05084745
2006,10702,3,6,44,16,2758,,Summary,N,Kaukauna Area,,3935,635,16.13722998,3300,83.86277001
2006,3166,3,1,30,40,2793,,Summary,N,Kenosha,,22131,8837,39.93041435,13294,60.06958564
2006,3813,3,1,67,8,1376,,Summary,N,Kettle Moraine,,4414,221,5.00679655,4193,94.99320344
2006,1513,3,6,66,14,2800,,Summary,N,Kewaskum,,1887,222,11.76470588,1665,88.23529411
2006,11398,3,7,31,33,2814,,Summary,N,Kewaunee,,1079,196,18.16496756,883,81.83503243
2006,15018,3,3,62,35,5960,,Summary,N,Kickapoo Area,,482,209,43.36099585,273,56.63900414
2006,1526,3,7,36,14,2828,,Summary,N,Kiel Area,,1425,143,10.03508771,1282,89.96491228
2006,10789,3,6,44,16,2835,,Summary,N,Kimberly Area,,4047,291,7.19051148,3756,92.80948851
2006,1548,3,7,59,6,2842,,Summary,N,Kohler,,585,0,0,585,100
2006,14142,3,4,32,28,2849,,Summary,N,La Crosse,,7352,2830,38.49292709,4522,61.5070729
2006,14727,3,4,62,35,2863,,Summary,N,La Farge,,248,135,54.43548387,113,45.56451612
2006,13807,3,9,63,124,1848,,Summary,N,Lac du Flambeau #1,,445,351,78.87640449,94,21.1235955
2006,16720,3,10,54,18,2856,,Summary,N,Ladysmith,,970,464,47.83505154,506,52.16494845
2006,1326,3,1,67,8,3862,,Summary,N,Lake Country,,493,14,2.83975659,479,97.1602434
2006,3335,3,2,64,41,2885,,Summary,N,Lake Geneva J1,,2015,775,38.46153846,1240,61.53846153
2006,3334,3,2,64,41,2884,,Summary,N,Lake Geneva-Genoa City UHS,,1440,303,21.04166666,1137,78.95833333
2006,15771,3,10,9,21,2891,,Summary,N,Lake Holcombe,,428,186,43.45794392,242,56.54205607
2006,6785,3,2,28,116,2898,,Summary,N,Lake Mills Area,,1221,201,16.46191646,1020,83.53808353
2006,13906,3,9,43,124,3647,,Summary,N,Lakeland UHS,,945,193,20.42328042,752,79.57671957
2006,8957,3,3,22,42,2912,,Summary,N,Lancaster Community,,1021,243,23.80019588,778,76.19980411
2006,13831,3,8,21,31,2940,,Summary,N,Laona,,288,153,53.125,135,46.875
2006,10826,3,8,42,25,2961,,Summary,N,Lena,,418,117,27.99043062,301,72.00956937
2006,3336,3,2,64,41,3087,,Summary,N,Linn J4,,141,52,36.87943262,89,63.12056737
2006,3337,3,2,64,159,3094,,Summary,N,Linn J6,,120,10,8.33333333,110,91.66666666
2006,10850,3,6,44,53,3129,,Summary,N,Little Chute Area,,1512,288,19.04761904,1224,80.95238095
2006,6826,3,5,11,116,3150,,Summary,N,Lodi,,1684,152,9.02612826,1532,90.97387173
2006,1592,3,6,14,51,3171,,Summary,N,Lomira,,1095,160,14.61187214,935,85.38812785
2006,12675,3,10,10,120,3206,,Summary,N,Loyal,,594,211,35.52188552,383,64.47811447
2006,16766,3,11,48,21,3213,,Summary,N,Luck,,592,182,30.74324324,410,69.25675675
2006,11407,3,7,31,2,3220,,Summary,N,Luxemburg-Casco,,1949,182,9.33812211,1767,90.66187788
2006,7738,3,2,13,3,3269,,Summary,N,Madison Metropolitan,,24452,9381,38.36495992,15071,61.63504007
2006,17878,3,6,68,156,3276,,Summary,N,Manawa,,850,217,25.52941176,633,74.47058823
2006,11531,3,7,36,54,3290,,Summary,N,Manitowoc,,5397,1462,27.08912358,3935,72.91087641
2006,16783,3,12,16,18,3297,,Summary,N,Maple,,1415,402,28.40989399,1013,71.590106
2006,4732,3,1,40,30,1897,,Summary,N,Maple Dale-Indian Hill,,484,42,8.67768595,442,91.32231404
2006,12713,3,9,37,126,3304,,Summary,N,Marathon City,,684,77,11.25730994,607,88.74269005
2006,10888,3,8,38,2,3311,,Summary,N,Marinette,,2390,800,33.47280334,1590,66.52719665
2006,17900,3,8,68,155,3318,,Summary,N,Marion,,630,196,31.11111111,434,68.88888888
2006,9611,3,6,24,43,3325,,Summary,N,Markesan,,806,224,27.79156327,582,72.20843672
2006,6896,3,2,13,117,3332,,Summary,N,Marshall,,897,175,19.50947603,722,80.49052396
2006,12735,3,5,71,46,3339,,Summary,N,Marshfield Unified,,3907,830,21.24392116,3077,78.75607883
2006,9635,3,5,29,39,3360,,Summary,N,Mauston,,1624,612,37.68472906,1012,62.31527093
2006,1618,3,6,14,51,3367,,Summary,N,Mayville,,1136,219,19.27816901,917,80.72183098
2006,6863,3,2,13,158,3381,,Summary,N,McFarland,,2031,143,7.04086656,1888,92.95913343
2006,12803,3,10,60,124,3409,,Summary,N,Medford Area Public,,2215,606,27.35891647,1609,72.64108352
2006,13861,3,12,2,20,3427,,Summary,N,Mellen,,315,146,46.34920634,169,53.65079365
2006,14750,3,4,27,11,3428,,Summary,N,Melrose-Mindoro,,707,195,27.58132956,512,72.41867043
2006,17965,3,6,70,16,3430,,Summary,N,Menasha Joint,,3709,1299,35.02291722,2410,64.97708277
2006,10749,3,8,72,155,3434,,Summary,N,Menominee Indian,,919,768,83.56909684,151,16.43090315
2006,1655,3,1,67,17,3437,,Summary,N,Menomonee Falls,,4539,492,10.83939193,4047,89.16060806
2006,15828,3,11,17,4,3444,,Summary,N,Menomonie Area,,3164,1157,36.5676359,2007,63.43236409
2006,2341,3,1,45,30,3479,,Summary,N,Mequon-Thiensville,,4022,189,4.69915464,3833,95.30084535
2006,13883,3,12,26,20,3484,,Summary,N,Mercer,,187,51,27.27272727,136,72.72727272
2006,12852,3,9,35,124,3500,,Summary,N,Merrill Area,,3187,986,30.93818638,2201,69.06181361
2006,1702,3,1,67,8,3528,,Summary,N,Merton Community,,952,25,2.62605042,927,97.37394957
2006,6948,3,2,13,3,3549,,Summary,N,Middleton-Cross Plains Area,,5616,674,12.0014245,4942,87.99857549
2006,6991,3,2,53,115,3612,,Summary,N,Milton,,3124,449,14.37259923,2675,85.62740076
2006,4387,3,1,40,27,3619,,Summary,N,Milwaukee,,92388,70034,75.80421699,22354,24.195783
2006,7031,3,3,25,131,3633,,Summary,N,Mineral Point Unified,,791,100,12.64222503,691,87.35777496
2006,13905,3,9,43,124,3640,,Summary,N,Minocqua J1,,579,147,25.38860103,432,74.61139896
2006,11552,3,7,36,32,3661,,Summary,N,Mishicot,,1064,186,17.481203,878,82.51879699
2006,15919,3,10,6,122,3668,,Summary,N,Mondovi,,1087,307,28.24287028,780,71.75712971
2006,8640,3,2,13,115,3675,,Summary,N,Monona Grove,,2917,307,10.52451148,2610,89.47548851
2006,7059,3,2,23,115,3682,,Summary,N,Monroe,,2728,643,23.57038123,2085,76.42961876
2006,9670,3,5,39,43,3689,,Summary,N,Montello,,785,259,32.99363057,526,67.00636942
2006,7104,3,2,23,38,3696,,Summary,N,Monticello,,413,72,17.43341404,341,82.56658595
2006,12906,3,9,37,124,3787,,Summary,N,Mosinee,,2044,344,16.82974559,1700,83.1702544
2006,7133,3,2,13,114,3794,,Summary,N,Mount Horeb Area,,2174,169,7.77368905,2005,92.22631094
2006,3399,3,1,67,8,3822,,Summary,N,Mukwonago,,5133,275,5.35749074,4858,94.64250925
2006,3472,3,1,67,40,3857,,Summary,N,Muskego-Norway,,4877,257,5.26963297,4620,94.73036702
2006,14772,3,5,29,37,3871,,Summary,N,Necedah Area,,792,413,52.14646464,379,47.85353535
2006,17996,3,6,70,16,3892,,Summary,N,Neenah Joint,,6332,1011,15.96651926,5321,84.03348073
2006,12943,3,10,10,120,3899,,Summary,N,Neillsville,,1141,449,39.35144609,692,60.6485539
2006,12975,3,5,71,39,3906,,Summary,N,Nekoosa,,1468,462,31.47138964,1006,68.52861035
2006,1730,3,6,14,45,3913,,Summary,N,Neosho J3,,197,35,17.76649746,162,82.23350253
2006,15943,3,10,9,21,3920,,Summary,N,New Auburn,,346,113,32.65895953,233,67.34104046
2006,3485,3,1,67,47,3925,,Summary,N,New Berlin,,4584,225,4.90837696,4359,95.09162303
2006,7190,3,2,23,117,3934,,Summary,N,New Glarus,,850,87,10.23529411,763,89.76470588
2006,1747,3,7,8,14,3941,,Summary,N,New Holstein,,1211,211,17.42361684,1000,82.57638315
2006,9693,3,5,29,37,3948,,Summary,N,New Lisbon,,685,219,31.97080291,466,68.02919708
2006,18081,3,6,68,2,3955,,Summary,N,New London,,2498,588,23.53883106,1910,76.46116893
2006,10197,3,11,55,26,3962,,Summary,N,New Richmond,,2628,575,21.87975646,2053,78.12024353
2006,10952,3,8,38,25,3969,,Summary,N,Niagara,,509,186,36.54223968,323,63.45776031
2006,5148,3,1,40,30,2177,,Summary,N,Nicolet UHS,,1310,121,9.23664122,1189,90.76335877
2006,C6110,3,1,51,,8110,,Summary,Y,Non-district Charter Schools: 21st Century Pr,,385,167,43.37662337,218,56.62337662
2006,C6112,3,1,40,,8112,,Summary,Y,Non-district Charter Schools: Acad of Learnin,,222,208,93.69369369,14,6.3063063
2006,C6108,3,1,40,,8108,,Summary,Y,Non-district Charter Schools: BEAM,,761,618,81.20893561,143,18.79106438
2006,C6114,3,1,40,,8114,,Summary,Y,Non-district Charter Schools: Capitol West Ac,,67,40,59.70149253,27,40.29850746
2006,C6105,3,1,40,,8105,,Summary,Y,Non-district Charter Schools: Central City Cy,,335,308,91.9402985,27,8.05970149
2006,C6109,3,1,40,,8109,,Summary,Y,Non-district Charter Schools: DLH Academy,,262,167,63.74045801,95,36.25954198
2006,C6101,3,1,40,,8101,,Summary,Y,Non-district Charter Schools: Downtown Montes,,79,14,17.72151898,65,82.27848101
2006,C6117,3,1,40,,8117,,Summary,Y,Non-district Charter Schools: Maasai Institut,,72,70,97.22222222,2,2.77777777
2006,C6103,3,1,40,,8103,,Summary,Y,Non-district Charter Schools: Milw College Pr,,439,201,45.78587699,238,54.214123
2006,C6106,3,1,40,,8106,,Summary,Y,Non-district Charter Schools: Milwaukee Acad,,958,853,89.03966597,105,10.96033402
2006,C6107,3,1,40,,8107,,Summary,Y,Non-district Charter Schools: Sch for Early D,,65,63,96.92307692,2,3.07692307
2006,C6115,3,1,40,,8115,,Summary,Y,Non-district Charter Schools: Tenor High Scho,,99,3,3.03030303,96,96.96969696
2006,C6113,3,1,40,,8113,,Summary,Y,Non-district Charter Schools: Woodlands Sch,,237,71,29.9578059,166,70.04219409
2006,C6111,3,1,40,,8111,,Summary,Y,Non-district Charter Schools: YMCA Young Lead,,521,382,73.32053742,139,26.67946257
2006,3400,3,1,67,19,3976,,Summary,N,Norris,,67,52,77.61194029,15,22.3880597
2006,2916,3,2,51,41,4690,,Summary,N,North Cape,,206,24,11.65048543,182,88.34951456
2006,14633,3,3,12,35,2016,,Summary,N,North Crawford,,506,168,33.20158102,338,66.79841897
2006,17770,3,6,20,51,3983,,Summary,N,North Fond du Lac,,1255,306,24.38247011,949,75.61752988
2006,1763,3,1,67,8,3514,,Summary,N,North Lake,,369,0,0,369,100
2006,13848,3,9,63,124,616,,Summary,N,North Lakeland,,199,57,28.64321608,142,71.35678391
2006,1107,3,1,45,6,1945,,Summary,N,Northern Ozaukee,,1610,60,3.72670807,1550,96.27329192
2006,13714,3,9,63,124,1526,,Summary,N,Northland Pines,,1405,423,30.10676156,982,69.89323843
2006,16812,3,12,65,21,3654,,Summary,N,Northwood,,445,220,49.43820224,225,50.56179775
2006,14845,3,4,41,37,3990,,Summary,N,Norwalk-Ontario-Wilton,,675,267,39.55555555,408,60.44444444
2006,2914,3,2,51,41,4011,,Summary,N,Norway J7,,144,10,6.94444444,134,93.05555555
2006,3545,3,1,40,40,4018,,Summary,N,Oak Creek-Franklin Joint,,5430,764,14.06998158,4666,85.93001841
2006,1776,3,6,20,43,4025,,Summary,N,Oakfield,,576,62,10.76388888,514,89.23611111
2006,1808,3,1,67,45,4060,,Summary,N,Oconomowoc Area,,4287,367,8.5607651,3920,91.43923489
2006,11009,3,8,42,2,4074,,Summary,N,Oconto Falls Public,,1960,520,26.53061224,1440,73.46938775
2006,10977,3,8,42,33,4067,,Summary,N,Oconto Unified,,1196,350,29.26421404,846,70.73578595
2006,18120,3,6,70,53,4088,,Summary,N,Omro,,1319,263,19.93934799,1056,80.060652
2006,14830,3,4,32,28,4095,,Summary,N,Onalaska,,2806,584,20.81254454,2222,79.18745545
2006,1871,3,7,59,6,4137,,Summary,N,Oostburg,,957,82,8.56844305,875,91.43155694
2006,7210,3,2,13,115,4144,,Summary,N,Oregon,,3549,235,6.62158354,3314,93.37841645
2006,10224,3,11,48,26,4165,,Summary,N,Osceola,,1881,370,19.67038809,1511,80.3296119
2006,17271,3,6,70,16,4179,,Summary,N,Oshkosh Area,,10230,2939,28.72922776,7291,71.27077223
2006,15961,3,10,61,121,4186,,Summary,N,Osseo-Fairchild,,1036,266,25.67567567,770,74.32432432
2006,13004,3,10,10,120,4207,,Summary,N,Owen-Withee,,637,239,37.51962323,398,62.48037676
2006,3578,3,2,28,159,4221,,Summary,N,Palmyra-Eagle Area,,1154,209,18.11091854,945,81.88908145
2006,9734,3,5,11,43,4228,,Summary,N,Pardeeville Area,,876,199,22.71689497,677,77.28310502
2006,3101,3,2,30,41,4235,,Summary,N,Paris J1,,210,14,6.66666666,196,93.33333333
2006,13935,3,12,50,,4242,,Summary,N,Park Falls,,733,196,26.73942701,537,73.26057298
2006,7249,3,2,53,159,4151,,Summary,N,Parkview,,1059,202,19.07459867,857,80.92540132
2006,6165,3,3,33,38,490,,Summary,N,Pecatonica Area,,466,85,18.24034334,381,81.75965665
2006,15984,3,11,46,123,4270,,Summary,N,Pepin Area,,305,99,32.45901639,206,67.5409836
2006,11063,3,8,38,25,4305,,Summary,N,Peshtigo,,1204,362,30.06644518,842,69.93355481
2006,1898,3,1,67,47,4312,,Summary,N,Pewaukee,,2198,153,6.96087352,2045,93.03912647
2006,13971,3,9,63,31,4330,,Summary,N,Phelps,,179,71,39.66480446,108,60.33519553
2006,13978,3,12,50,125,4347,,Summary,N,Phillips,,992,338,34.07258064,654,65.92741935
2006,13029,3,5,71,126,4368,,Summary,N,Pittsville,,727,198,27.2352132,529,72.76478679
2006,9024,3,3,22,42,4389,,Summary,N,Platteville,,1476,466,31.57181571,1010,68.42818428
2006,16008,3,11,47,123,4459,,Summary,N,Plum City,,345,92,26.66666666,253,73.33333333
2006,1939,3,7,59,14,4473,,Summary,N,Plymouth Joint,,2414,384,15.90720795,2030,84.09279204
2006,13065,3,5,71,155,4508,,Summary,N,Port Edwards,,514,146,28.40466926,368,71.59533073
2006,1981,3,1,45,30,4515,,Summary,N,Port Washington-Saukville,,2622,296,11.28909229,2326,88.7109077
2006,9217,3,5,11,114,4501,,Summary,N,Portage Community,,2644,715,27.04236006,1929,72.95763993
2006,9092,3,3,22,38,4529,,Summary,N,Potosi,,386,107,27.72020725,279,72.27979274
2006,9760,3,5,11,116,4536,,Summary,N,Poynette,,1152,166,14.40972222,986,85.59027777
2006,9121,3,3,12,42,4543,,Summary,N,Prairie du Chien Area,,1256,412,32.80254777,844,67.19745222
2006,16021,3,11,3,21,4557,,Summary,N,Prairie Farm Public,,365,118,32.32876712,247,67.67123287
2006,14010,3,9,50,125,4571,,Summary,N,Prentice,,476,144,30.25210084,332,69.74789915
2006,10254,3,11,47,26,4578,,Summary,N,Prescott,,1109,159,14.33724075,950,85.66275924
2006,18179,3,5,24,43,4606,,Summary,N,Princeton,,433,125,28.86836027,308,71.13163972
2006,11097,3,7,5,54,4613,,Summary,N,Pulaski Community,,3615,597,16.51452282,3018,83.48547717
2006,5830,3,1,51,40,4620,,Summary,N,Racine Unified,,21175,6684,31.56552538,14491,68.43447461
2006,2551,3,2,30,41,4627,,Summary,N,Randall J1,,748,55,7.35294117,693,92.64705882
2006,9785,3,5,11,43,4634,,Summary,N,Randolph,,524,118,22.51908396,406,77.48091603
2006,2019,3,7,59,6,4641,,Summary,N,Random Lake,,923,129,13.97616468,794,86.02383531
2006,2915,3,2,51,41,4686,,Summary,N,Raymond #14,,421,41,9.73871733,380,90.26128266
2006,9809,3,5,56,114,4753,,Summary,N,Reedsburg,,2525,567,22.45544554,1958,77.54455445
2006,11571,3,7,36,32,4760,,Summary,N,Reedsville,,715,127,17.76223776,588,82.23776223
2006,13588,3,9,43,46,4781,,Summary,N,Rhinelander,,3004,1031,34.32090545,1973,65.67909454
2006,13078,3,9,60,125,4795,,Summary,N,Rib Lake,,537,166,30.91247672,371,69.08752327
2006,16856,3,11,3,4,4802,,Summary,N,Rice Lake Area,,2509,684,27.26185731,1825,72.73814268
2006,2032,3,6,66,45,4820,,Summary,N,Richfield J1,,380,12,3.15789473,368,96.84210526
2006,7321,3,3,52,42,4851,,Summary,N,Richland,,1419,421,29.66878083,998,70.33121916
2006,2301,3,1,67,8,3122,,Summary,N,Richmond,,455,3,0.65934065,452,99.34065934
2006,9846,3,5,11,43,4865,,Summary,N,Rio Community,,496,96,19.3548387,400,80.64516129
2006,18212,3,6,20,53,4872,,Summary,N,Ripon Area,,1763,408,23.14237095,1355,76.85762904
2006,10280,3,11,47,4,4893,,Summary,N,River Falls,,3047,281,9.22218575,2766,90.77781424
2006,26800,3,3,22,38,4904,,Summary,N,River Ridge,,560,206,36.78571428,354,63.21428571
2006,7451,3,3,56,42,5523,,Summary,N,River Valley,,1401,362,25.83868665,1039,74.16131334
2006,7162,3,3,22,131,3850,,Summary,N,Riverdale,,788,315,39.97461928,473,60.02538071
2006,18260,3,6,20,51,4956,,Summary,N,Rosendale-Brandon,,1020,195,19.11764705,825,80.88235294
2006,13101,3,5,49,155,4963,,Summary,N,Rosholt,,686,145,21.13702623,541,78.86297376
2006,9523,3,4,29,37,1673,,Summary,N,Royall,,595,204,34.28571428,391,65.71428571
2006,2047,3,6,14,45,4998,,Summary,N,Rubicon J6,,149,22,14.76510067,127,85.23489932
2006,10150,3,11,55,122,2422,,Summary,N,Saint Croix Central,,1219,170,13.94585726,1049,86.05414273
2006,10344,3,11,48,21,5019,,Summary,N,Saint Croix Falls,,1072,308,28.73134328,764,71.26865671
2006,5696,3,1,40,47,5026,,Summary,N,Saint Francis,,1373,303,22.06846321,1070,77.93153678
2006,3619,3,2,30,41,5068,,Summary,N,Salem,,1136,197,17.34154929,939,82.6584507
2006,7372,3,5,56,114,5100,,Summary,N,Sauk Prairie,,2631,526,19.99239832,2105,80.00760167
2006,14870,3,3,12,35,5124,,Summary,N,Seneca,,319,121,37.93103448,198,62.06896551
2006,11614,3,7,15,33,5130,,Summary,N,Sevastopol,,618,137,22.16828478,481,77.83171521
2006,11122,3,7,44,2,5138,,Summary,N,Seymour Community,,2444,414,16.93944353,2030,83.06055646
2006,7399,3,2,64,159,5258,,Summary,N,Sharon J11,,320,121,37.8125,199,62.1875
2006,11151,3,8,58,2,5264,,Summary,N,Shawano,,2907,1054,36.25730994,1853,63.74269005
2006,2099,3,7,59,54,5271,,Summary,N,Sheboygan Area,,10278,3567,34.70519556,6711,65.29480443
2006,2234,3,7,59,14,5278,,Summary,N,Sheboygan Falls,,1718,276,16.06519208,1442,83.93480791
2006,16903,3,11,65,21,5306,,Summary,N,Shell Lake,,576,222,38.54166666,354,61.45833333
2006,11193,3,6,44,156,5348,,Summary,N,Shiocton,,837,140,16.72640382,697,83.27359617
2006,4825,3,1,40,47,5355,,Summary,N,Shorewood,,2006,142,7.0787637,1864,92.92123629
2006,7420,3,3,33,38,5362,,Summary,N,Shullsburg,,377,85,22.54641909,292,77.4535809
2006,3648,3,2,30,41,5369,,Summary,N,Silver Lake J1,,614,135,21.98697068,479,78.01302931
2006,16927,3,11,7,21,5376,,Summary,N,Siren,,506,320,63.24110671,186,36.75889328
2006,2263,3,6,66,45,5390,,Summary,N,Slinger,,2869,229,7.98187521,2640,92.01812478
2006,16946,3,12,16,20,5397,,Summary,N,Solon Springs,,350,147,42,203,58
2006,10371,3,11,55,26,5432,,Summary,N,Somerset,,1488,213,14.31451612,1275,85.68548387
2006,3672,3,1,40,47,5439,,Summary,N,South Milwaukee,,3466,1045,30.15002885,2421,69.84997114
2006,16827,3,12,4,20,4522,,Summary,N,South Shore,,201,112,55.72139303,89,44.27860696
2006,11314,3,7,15,33,5457,,Summary,N,Southern Door County,,1281,302,23.57533177,979,76.42466822
2006,8929,3,3,22,131,2485,,Summary,N,Southwestern Wisconsin,,584,159,27.22602739,425,72.7739726
2006,14901,3,4,41,28,5460,,Summary,N,Sparta Area,,2664,1076,40.39039039,1588,59.6096096
2006,13159,3,10,37,120,5467,,Summary,N,Spencer,,765,101,13.20261437,664,86.79738562
2006,16180,3,11,65,18,5474,,Summary,N,Spooner Area,,1405,482,34.30604982,923,65.69395017
2006,16054,3,11,47,123,5586,,Summary,N,Spring Valley,,722,181,25.06925207,541,74.93074792
2006,16081,3,10,9,121,5593,,Summary,N,Stanley-Boyd Area,,977,401,41.04401228,576,58.95598771
2006,13193,3,5,49,46,5607,,Summary,N,Stevens Point Area Public,,7249,2038,28.11422265,5211,71.88577734
2006,2280,3,7,8,6,5614,,Summary,N,Stockbridge,,267,39,14.60674157,228,85.39325842
2006,1807,3,1,67,8,3542,,Summary,N,Stone Bank,,351,6,1.7094017,345,98.29059829
2006,7479,3,2,13,115,5621,,Summary,N,Stoughton Area,,3480,435,12.5,3045,87.5
2006,13308,3,9,37,126,5628,,Summary,N,Stratford,,769,134,17.42522756,635,82.57477243
2006,11615,3,7,15,33,5642,,Summary,N,Sturgeon Bay,,1292,384,29.72136222,908,70.27863777
2006,7533,3,2,13,3,5656,,Summary,N,Sun Prairie Area,,5691,962,16.90388332,4729,83.09611667
2006,16979,3,12,16,29,5663,,Summary,N,Superior,,4768,1730,36.28355704,3038,63.71644295
2006,11224,3,8,42,25,5670,,Summary,N,Suring Public,,553,159,28.75226039,394,71.2477396
2006,1325,3,1,67,8,3510,,Summary,N,Swallow,,444,1,0.22522522,443,99.77477477
2006,16121,3,10,10,121,5726,,Summary,N,Thorp,,625,271,43.36,354,56.64
2006,14042,3,9,43,31,5733,,Summary,N,Three Lakes,,667,121,18.14092953,546,81.85907046
2006,13334,3,8,58,155,5740,,Summary,N,Tigerton,,353,172,48.72521246,181,51.27478753
2006,15006,3,4,41,28,5747,,Summary,N,Tomah Area,,3020,894,29.602649,2126,70.39735099
2006,13356,3,9,35,124,5754,,Summary,N,Tomahawk,,1540,435,28.24675324,1105,71.75324675
2006,12359,3,5,49,156,126,,Summary,N,Tomorrow River,,912,182,19.95614035,730,80.04385964
2006,3721,3,2,30,,5061,,Summary,N,Trevor Grade,,404,111,27.47524752,293,72.52475247
2006,18152,3,5,69,155,4375,,Summary,N,Tri-County Area,,802,313,39.02743142,489,60.97256857
2006,17043,3,11,3,21,5810,,Summary,N,Turtle Lake,,527,218,41.3662239,309,58.63377609
2006,3733,3,2,30,41,5817,,Summary,N,Twin Lakes #4,,406,106,26.10837438,300,73.89162561
2006,11678,3,7,36,14,5824,,Summary,N,Two Rivers Public,,2023,626,30.94414236,1397,69.05585763
2006,3760,3,2,51,41,5859,,Summary,N,Union Grove J1,,655,120,18.32061068,535,81.67938931
2006,3759,3,2,51,41,5852,,Summary,N,Union Grove UHS,,762,38,4.98687664,724,95.01312335
2006,16332,3,11,48,21,238,,Summary,N,Unity,,1122,509,45.36541889,613,54.6345811
2006,11708,3,7,36,32,5866,,Summary,N,Valders Area,,1121,167,14.89741302,954,85.10258697
2006,7585,3,2,13,3,5901,,Summary,N,Verona Area,,4415,846,19.1619479,3569,80.83805209
2006,15040,3,4,62,10,5985,,Summary,N,Viroqua Area,,1143,409,35.78302712,734,64.21697287
2006,14088,3,8,21,31,5992,,Summary,N,Wabeno Area,,603,528,87.56218905,75,12.43781094
2006,3827,3,2,64,159,6022,,Summary,N,Walworth J1,,575,173,30.08695652,402,69.91304347
2006,17065,3,12,4,20,6027,,Summary,N,Washburn,,673,190,28.23179791,483,71.76820208
2006,11756,3,7,15,29,6069,,Summary,N,Washington,,98,2,2.04081632,96,97.95918367
2006,3869,3,2,51,41,6104,,Summary,N,Washington-Caldwell,,219,18,8.21917808,201,91.78082191
2006,3870,3,2,51,41,6113,,Summary,N,Waterford Graded J1,,1573,115,7.31087094,1458,92.68912905
2006,3868,3,2,51,41,6083,,Summary,N,Waterford UHS,,1103,72,6.52765185,1031,93.47234814
2006,7624,3,2,28,117,6118,,Summary,N,Waterloo,,912,156,17.10526315,756,82.89473684
2006,2410,3,2,28,45,6125,,Summary,N,Watertown Unified,,3546,943,26.59334461,2603,73.40665538
2006,3998,3,1,67,8,6174,,Summary,N,Waukesha,,13606,2691,19.7780391,10915,80.22196089
2006,7649,3,2,13,114,6181,,Summary,N,Waunakee Community,,3203,126,3.93381205,3077,96.06618794
2006,18294,3,5,68,53,6195,,Summary,N,Waupaca,,2472,717,29.00485436,1755,70.99514563
2006,9874,3,6,20,14,6216,,Summary,N,Waupun,,2184,499,22.84798534,1685,77.15201465
2006,12296,3,9,37,46,6223,,Summary,N,Wausau,,8768,2999,34.20392335,5769,65.79607664
2006,11258,3,8,38,25,6230,,Summary,N,Wausaukee,,654,325,49.6941896,329,50.30581039
2006,18330,3,5,69,39,6237,,Summary,N,Wautoma Area,,1563,812,51.95137555,751,48.04862444
2006,5495,3,1,40,47,6244,,Summary,N,Wauwatosa,,6715,747,11.12434847,5968,88.87565152
2006,9196,3,3,12,35,6251,,Summary,N,Wauzeka-Steuben,,296,104,35.13513513,192,64.86486486
2006,17092,3,11,7,21,6293,,Summary,N,Webster,,752,466,61.9680851,286,38.03191489
2006,5553,3,1,40,17,6300,,Summary,N,West Allis-West Milwaukee,,8746,3053,34.90738623,5693,65.09261376
2006,2479,3,6,66,45,6307,,Summary,N,West Bend,,6795,1311,19.29359823,5484,80.70640176
2006,10529,3,7,5,2,6328,,Summary,N,West De Pere,,2229,409,18.34903544,1820,81.65096455
2006,15105,3,4,32,10,6370,,Summary,N,West Salem,,1654,272,16.44498186,1382,83.55501813
2006,15083,3,4,62,10,6321,,Summary,N,Westby Area,,1202,323,26.87188019,879,73.1281198
2006,9911,3,5,39,39,6335,,Summary,N,Westfield,,1276,496,38.87147335,780,61.12852664
2006,9475,3,3,56,35,6354,,Summary,N,Weston,,373,126,33.78016085,247,66.21983914
2006,18363,3,6,68,156,6384,,Summary,N,Weyauwega-Fremont,,1068,279,26.1235955,789,73.87640449
2006,17113,3,10,54,21,6410,,Summary,N,Weyerhaeuser Area,,194,89,45.87628865,105,54.12371134
2006,2603,3,2,30,41,6412,,Summary,N,Wheatland J1,,446,104,23.31838565,342,76.68161434
2006,13415,3,8,34,31,6440,,Summary,N,White Lake,,249,181,72.69076305,68,27.30923694
2006,5149,3,1,40,30,6419,,Summary,N,Whitefish Bay,,2691,20,0.74321813,2671,99.25678186
2006,16164,3,4,61,11,6426,,Summary,N,Whitehall,,756,233,30.82010582,523,69.17989417
2006,4160,3,2,64,158,6461,,Summary,N,Whitewater Unified,,1934,385,19.90692864,1549,80.09307135
2006,5610,3,1,40,47,6470,,Summary,N,Whitnall,,2456,263,10.70846905,2193,89.29153094
2006,18390,3,5,69,155,6475,,Summary,N,Wild Rose,,694,228,32.85302593,466,67.14697406
2006,4250,3,2,64,43,6482,,Summary,N,Williams Bay,,525,69,13.14285714,456,86.85714285
2006,4274,3,2,30,,5075,,Summary,N,Wilmot Grade,,158,26,16.4556962,132,83.54430379
2006,4275,3,2,30,41,6545,,Summary,N,Wilmot UHS,,1071,118,11.01774042,953,88.98225957
2006,18417,3,6,70,53,6608,,Summary,N,Winneconne Community,,1570,222,14.14012738,1348,85.85987261
2006,17130,3,12,57,21,6615,,Summary,N,Winter,,380,195,51.31578947,185,48.68421052
2006,9932,3,5,56,39,6678,,Summary,N,Wisconsin Dells,,1705,521,30.55718475,1184,69.44281524
2006,6920,3,2,13,117,469,,Summary,N,Wisconsin Heights,,963,149,15.47248182,814,84.52751817
2006,13521,3,5,71,46,6685,,Summary,N,Wisconsin Rapids,,5862,1655,28.23268509,4207,71.7673149
2006,13552,3,8,58,156,6692,,Summary,N,Wittenberg-Birnamwood,,1336,358,26.79640718,978,73.20359281
2006,9955,3,4,29,37,6713,,Summary,N,Wonewoc-Union Center,,395,147,37.21518987,248,62.78481012
2006,14105,3,9,63,124,6720,,Summary,N,Woodruff J1,,574,158,27.5261324,416,72.47386759
2006,11267,3,7,5,32,6734,,Summary,N,Wrightstown Community,,1056,74,7.00757575,982,92.99242424
2006,3761,3,2,51,41,6748,,Summary,N,Yorkville J2,,402,29,7.21393034,373,92.78606965
